"country","gini","pop2022"
"South Africa","63","60756.1350"
"Namibia","59.1000","2633.8740"
"Suriname","57.9000","596.8310"
"Zambia","57.1000","19470.2340"
"Sao Tome and Principe","56.3000","227.6790"
"Central African Republic","56.2000","5016.6780"
"Eswatini","54.6000","1184.8170"
"Mozambique","54","33089.4610"
"Brazil","53.4000","215353.5930"
"Belize","53.3000","412.1900"
"Botswana","53.3000","2441.1620"
"Angola","51.3000","35027.3430"
"Colombia","51.3000","51512.7620"
"Guinea-Bissau","50.7000","2063.3670"
"Zimbabwe","50.3000","15331.4280"
"Panama","49.8000","4446.9640"
"Republic of the Congo","48.9000","5797.8050"
"Guatemala","48.3000","18584.0390"
"Costa Rica","48.2000","5182.3540"
"Honduras","48.2000","10221.2470"
"Benin","47.8000","12784.7260"
"Cameroon","46.6000","27911.5480"
"Nicaragua","46.2000","6779.1000"
"Paraguay","45.7000","7305.8430"
"Ecuador","45.7000","18113.3610"
"Jamaica","45.5000","2985.0940"
"Mexico","45.4000","131562.7720"
"Comoros","45.3000","907.4190"
"Guyana","45.1000","794.0450"
"Lesotho","44.9000","2175.6990"
"Venezuela","44.8000","29266.9910"
"Malawi","44.7000","20180.8390"
"Chile","44.4000","19250.1950"
"South Sudan","44.1000","11618.5110"
"Rwanda","43.7000","13600.4640"
"Ghana","43.5000","32395.4500"
"Chad","43.3000","17413.5800"
"Togo","43.1000","8680.8370"
"Argentina","42.9000","46010.2340"
"Uganda","42.8000","48432.8630"
"Madagascar","42.6000","29178.0770"
"Philippines","42.3000","112508.9940"
"DR Congo","42.1000","95240.7920"
"Iran","42","86022.8370"
"Papua New Guinea","41.9000","9292.1690"
"Dominican Republic","41.9000","11056.3700"
"Turkey","41.9000","85561.9760"
"Djibouti","41.6000","1016.0970"
"Bolivia","41.6000","11992.6560"
"Ivory Coast","41.5000","27742.2980"
"Peru","41.5000","33684.2080"
"United States","41.4000","334805.2690"
"Bulgaria","41.3000","6844.5970"
"Haiti","41.1000","11680.2830"
"Malaysia","41.1000","33181.0720"
"Turkmenistan","40.8000","6201.9430"
"Kenya","40.8000","56215.2210"
"Tanzania","40.5000","63298.5500"
"Trinidad and Tobago","40.3000","1406.5850"
"Senegal","40.3000","17653.6710"
"Micronesia","40.1000","117.4890"
"Uruguay","39.7000","3496.0160"
"Morocco","39.5000","37772.7560"
"Sri Lanka","39.3000","21575.8420"
"Tuvalu","39.1000","12.0660"
"Israel","39","8922.8920"
"El Salvador","38.8000","6550.3890"
"Laos","38.8000","7481.0230"
"Samoa","38.7000","202.2390"
"Burundi","38.6000","12624.8400"
"Montenegro","38.5000","627.9500"
"China","38.5000","1448471.4000"
"Indonesia","38.2000","279134.5050"
"Gabon","38","2331.5330"
"Tonga","37.6000","107.7490"
"Vanuatu","37.6000","321.8320"
"Syria","37.5000","19364.8090"
"Russia","37.5000","145805.9470"
"Bhutan","37.4000","787.9410"
"Solomon Islands","37.1000","721.1590"
"Kiribati","37","123.4190"
"Mauritius","36.8000","1274.7270"
"Somalia","36.8000","16841.7950"
"Fiji","36.7000","909.4660"
"Yemen","36.7000","31154.8670"
"Serbia","36.2000","8653.0160"
"Gambia","35.9000","2558.4820"
"Georgia","35.9000","3968.7380"
"Italy","35.9000","60262.7700"
"Romania","35.8000","19031.3350"
"Lithuania","35.7000","2661.7080"
"Sierra Leone","35.7000","8306.4360"
"Vietnam","35.7000","98953.5410"
"India","35.7000","1406631.7760"
"Luxembourg","35.4000","642.3710"
"Liberia","35.3000","5305.1170"
"Burkina Faso","35.3000","22102.8380"
"Uzbekistan","35.3000","34382.0840"
"Latvia","35.1000","1848.8370"
"United Kingdom","35.1000","68497.9070"
"Nigeria","35.1000","216746.9340"
"Ethiopia","35","120812.6980"
"Thailand","34.9000","70078.2030"
"Nauru","34.8000","10.9030"
"Spain","34.7000","46719.1420"
"Australia","34.4000","26068.7920"
"Niger","34.3000","26083.6600"
"Sudan","34.2000","45992.0200"
"Tajikistan","34","9957.4640"
"Palestine","33.7000","5345.5410"
"Jordan","33.7000","10300.8690"
"Guinea","33.7000","13865.6910"
"Portugal","33.5000","10140.5700"
"Canada","33.3000","38388.4190"
"Albania","33.2000","2866.3740"
"Switzerland","33.1000","8773.6370"
"North Macedonia","33","2081.3040"
"Bosnia and Herzegovina","33","3249.3170"
"Mali","33","21473.7640"
"Greece","32.9000","10316.6370"
"Japan","32.9000","125584.8380"
"Tunisia","32.8000","12046.6560"
"Nepal","32.8000","30225.5820"
"Cyprus","32.7000","1223.3870"
"Mongolia","32.7000","3378.0780"
"Mauritania","32.6000","4901.9810"
"France","32.4000","65584.5180"
"Bangladesh","32.4000","167885.6890"
"Seychelles","32.1000","99.4260"
"Germany","31.9000","83883.5960"
"Lebanon","31.8000","6684.8490"
"Pakistan","31.6000","229488.9940"
"Egypt","31.5000","106156.6920"
"Ireland","31.4000","5020.1990"
"South Korea","31.4000","51329.8990"
"Maldives","31.3000","540.9850"
"Austria","30.8000","9066.7100"
"Myanmar","30.7000","55227.1430"
"Estonia","30.3000","1321.9100"
"Poland","30.2000","37739.7850"
"Sweden","30","10218.9710"
"Armenia","29.9000","2971.9660"
"Croatia","29.7000","4059.2860"
"Kyrgyzstan","29.7000","6728.2710"
"Hungary","29.6000","9606.2590"
"Iraq","29.5000","42164.9650"
"Malta","28.7000","444.0330"
"Timor-Leste","28.7000","1369.4290"
"Denmark","28.2000","5834.9500"
"Netherlands","28.1000","17211.4470"
"Kazakhstan","27.8000","19205.0430"
"Norway","27.6000","5511.3700"
"Algeria","27.6000","45350.1480"
"Finland","27.3000","5554.9600"
"Belgium","27.2000","11668.2780"
"Azerbaijan","26.6000","10300.2050"
"Ukraine","26.6000","43192.1220"
"Iceland","26.1000","345.3930"
"United Arab Emirates","26","10081.7850"
"Moldova","25.7000","4013.1710"
"Belarus","25.3000","9432.8000"
"Czech Republic","25","10736.7840"
"Slovenia","24.6000","2078.0340"